PRODUTO,DESCRICAO,VALOR
Shampoo e Condicionador Salonline,Para cabelos com quimica,60
Shampoo e Condicionador Salonline,Para cabelos tingidos e longos,60
Shampoo e Condicionador Salonline,cabelo suave,60
Shampoo Salonline,Cabelos danificados e desidratados,30
Shampoo Salonline,cabelos cacheados,15
Shampoo Salonline cachos,cabelos cacheados,15
Shampoo e Condicionador Salonline,Para cabelos com quimica,60
Shampoo e Condicionador Salonline,Para cabelos tingidos e longos,60
Shampoo e Condicionador Salonline,cabelo suave,60
Esmalte Risque,cor azul,4
Esmalte Risque,cor azul,4
Esmalte Risque,cor azul,4
